old	0	/home/yassin/Downloads/PDF files/New uploads/Kubota PDF/Kubota PDF/D1105.pdf	25,56,12
new	0	/home/yassin/Downloads/PDF files/New uploads/Kubota PDF/Kubota PDF/D1105.pdf	25,56,12
old	1	/home/yassin/Downloads/PDF files/New uploads/Kubota PDF/Kubota PDF/KUBOTA ENGINE D1703-E2B-EU-X3-S PARTS MANUAL.pdf	34,26,33
new	1	/home/yassin/Downloads/PDF files/New uploads/Kubota PDF/Kubota PDF/KUBOTA ENGINE D1703-E2B-EU-X3-S PARTS MANUAL.pdf	34,26,33
old	2	/home/yassin/Downloads/PDF files/New uploads/Kubota PDF/Kubota PDF/KUBOTA ENGINE D905-EBB PARTS MANUALS.pdf	21,35,30
new	2	/home/yassin/Downloads/PDF files/New uploads/Kubota PDF/Kubota PDF/KUBOTA ENGINE D905-EBB PARTS MANUALS.pdf	21,35,30
old	3	/home/yassin/Downloads/PDF files/New uploads/Kubota PDF/Kubota PDF/Kubota Diesel Engine Z400-BBS-1 Parts Manual.pdf	49,43,21
new	3	/home/yassin/Downloads/PDF files/New uploads/Kubota PDF/Kubota PDF/Kubota Diesel Engine Z400-BBS-1 Parts Manual.pdf	49,43,21
old	4	/home/yassin/Downloads/PDF files/New uploads/Kubota PDF/Kubota PDF/KUBOTA ENGINE V1505 T-EBB-EC-LT-1 PARTS MANUALS.pdf	13,40,27
new	4	/home/yassin/Downloads/PDF files/New uploads/Kubota PDF/Kubota PDF/KUBOTA ENGINE V1505 T-EBB-EC-LT-1 PARTS MANUALS.pdf	13,40,27
old	5	/home/yassin/Downloads/PDF files/New uploads/Kubota PDF/Kubota PDF/D782-EB.pdf	19,36,13
new	5	/home/yassin/Downloads/PDF files/New uploads/Kubota PDF/Kubota PDF/D782-EB.pdf	19,36,13
old	6	/home/yassin/Downloads/PDF files/New uploads/Kubota PDF/Kubota PDF/V3600-E3B-EU-Z4.pdf	27,28,40
new	6	/home/yassin/Downloads/PDF files/New uploads/Kubota PDF/Kubota PDF/V3600-E3B-EU-Z4.pdf	27,28,40
old	7	/home/yassin/Downloads/PDF files/New uploads/Kubota PDF/Kubota PDF/KUBOTA ENGINE D850 BWS-1 PARTS MANUALS.pdf	49,13,35
new	7	/home/yassin/Downloads/PDF files/New uploads/Kubota PDF/Kubota PDF/KUBOTA ENGINE D850 BWS-1 PARTS MANUALS.pdf	49,13,35
old	8	/home/yassin/Downloads/PDF files/New uploads/Kubota PDF/Kubota PDF/KUBOTA ENGINE D1402BB.BBS PARTS LIST.pdf	43,35,67
new	8	/home/yassin/Downloads/PDF files/New uploads/Kubota PDF/Kubota PDF/KUBOTA ENGINE D1402BB.BBS PARTS LIST.pdf	43,35,67
old	9	/home/yassin/Downloads/PDF files/New uploads/Kubota PDF/Kubota PDF/KOBUTA ENGINE V3300 Spare Parts.pdf	41,14,25
new	9	/home/yassin/Downloads/PDF files/New uploads/Kubota PDF/Kubota PDF/KOBUTA ENGINE V3300 Spare Parts.pdf	41,14,25
